{"cameraMode":{"drawMode":0,"name":"Shaded","section":"Shading Mode"},"sceneLighting":true,"audioPlay":false,"sceneViewState":{"showFog":true,"showMaterialUpdate":false,"showSkybox":true,"showFlares":true,"showImageEffects":true,"showParticleSystems":true},"in2DMode":false,"pivot":{"x":-114.39830780029297,"y":-42.14118194580078,"z":6.694162368774414},"rotation":{"x":0.12706884741783143,"y":-0.6674829721450806,"z":0.11809606850147248,"w":0.7244585156440735},"size":133.88247680664063,"orthographic":false}